 Indianapolis,05/01/2020:13:15:43,clear sky,51.260000,50.000000,1015.000000,6,160
 Atlanta,05/01/2020:13:15:15,clear sky,52.450000,66.000000,1018.000000,8,280
 Los Angeles,05/01/2020:13:16:05,haze,61.470000,77.000000,1012.000000,1,199
 Boston,05/01/2020:13:15:43,"moderate rain,mist",53.040000,93.000000,1009.000000,10,110
 Miami,05/01/2020:13:15:15,clear sky,69.440000,63.000000,1017.000000,8,340
 New York,05/01/2020:13:15:57,"light rain,mist",54.520000,93.000000,1006.000000,3,340
 Seattle,05/01/2020:13:16:13,clear sky,42.510000,87.000000,1020.000000,3,120
 San Francisco,05/01/2020:13:16:05,scattered clouds,49.690000,85.000000,1016.000000,1,72
 Austin,05/01/2020:13:15:36,clear sky,63.030000,72.000000,1018.000000,3,190
 Chicago,05/01/2020:13:15:43,few clouds,47.410000,66.000000,1018.000000,4,290
 Fairbanks,05/01/2020:13:16:19,clear sky,26.730000,58.000000,1011.000000,4,40
 Denver,05/01/2020:13:10:57,clear sky,51.130000,66.000000,1014.000000,6,140
 Indianapolis,05/01/2020:14:15:48,clear sky,59.110000,42.000000,1015.000000,11,180
 Atlanta,05/01/2020:14:15:24,clear sky,57.470000,58.000000,1018.000000,6,300
 Los Angeles,05/01/2020:14:16:15,haze,61.470000,82.000000,1013.000000,1,163
 Boston,05/01/2020:14:15:53,light rain,53.440000,100.000000,1008.000000,11,160
 Miami,05/01/2020:14:15:23,clear sky,73.150000,53.000000,1018.000000,9,310
 New York,05/01/2020:14:16:04,"light rain,mist",55.380000,93.000000,1006.000000,8,165
 Seattle,05/01/2020:14:16:22,clear sky,44.310000,87.000000,1020.000000,4,140
 San Francisco,05/01/2020:14:16:16,broken clouds,50.850000,76.000000,1019.000000,12,280
 Austin,05/01/2020:14:15:41,clear sky,68.590000,60.000000,1018.000000,5,210
 Chicago,05/01/2020:14:15:48,few clouds,53.530000,50.000000,1018.000000,0,89
 Fairbanks,05/01/2020:14:16:23,clear sky,26.260000,63.000000,1011.000000,4,40
 Denver,05/01/2020:14:15:48,clear sky,56.750000,44.000000,1013.000000,10,140
 Indianapolis,05/01/2020:15:15:49,clear sky,64.600000,35.000000,1014.000000,13,180
 Atlanta,05/01/2020:15:15:27,clear sky,62.310000,45.000000,1019.000000,14,290
 Los Angeles,05/01/2020:15:16:11,haze,62.740000,72.000000,1014.000000,2,191
 Boston,05/01/2020:15:15:50,mist,53.690000,100.000000,1006.000000,8,130
 Miami,05/01/2020:15:15:24,clear sky,75.090000,49.000000,1018.000000,11,10
 New York,05/01/2020:15:16:02,"light rain,mist",56.300000,93.000000,1006.000000,7,164
 Seattle,05/01/2020:15:16:20,clear sky,47.350000,87.000000,1019.000000,3,150
 San Francisco,05/01/2020:15:16:11,broken clouds,53.130000,71.000000,1020.000000,12,280
 Austin,05/01/2020:15:15:42,clear sky,74.140000,47.000000,1019.000000,10,200
 Chicago,05/01/2020:15:15:49,few clouds,57.720000,45.000000,1018.000000,2,104
 Fairbanks,05/01/2020:15:16:21,few clouds,28.040000,58.000000,1012.000000,6,40
 Denver,05/01/2020:15:11:06,clear sky,59.380000,44.000000,1013.000000,10,140
 Indianapolis,05/01/2020:16:16:15,clear sky,71.150000,29.000000,1013.000000,18,180
 Atlanta,05/01/2020:16:15:49,clear sky,65.280000,37.000000,1019.000000,16,310
 Los Angeles,05/01/2020:16:16:40,haze,66.130000,68.000000,1014.000000,3,222
 Boston,05/01/2020:16:16:20,mist,55.360000,93.000000,1006.000000,11,200
 Miami,05/01/2020:16:15:49,clear sky,77.500000,49.000000,1018.000000,6,330
 New York,05/01/2020:16:16:27,light rain,57.600000,93.000000,1006.000000,4,260
 Seattle,05/01/2020:16:16:47,broken clouds,50.720000,71.000000,1019.000000,3,140
 San Francisco,05/01/2020:16:16:40,few clouds,55.470000,58.000000,1020.000000,10,280
 Austin,05/01/2020:16:16:07,clear sky,77.400000,36.000000,1019.000000,10,210
 Chicago,05/01/2020:16:16:15,scattered clouds,58.410000,35.000000,1018.000000,4,130
 Fairbanks,05/01/2020:16:16:47,few clouds,29.570000,58.000000,1012.000000,2,41
 Denver,05/01/2020:16:11:31,clear sky,63.430000,39.000000,1013.000000,10,150
 Indianapolis,05/01/2020:17:15:51,clear sky,71.640000,31.000000,1013.000000,20,190
 Atlanta,05/01/2020:17:15:22,clear sky,68.040000,34.000000,1018.000000,14,310
 Los Angeles,05/01/2020:17:16:13,haze,69.060000,68.000000,1014.000000,4,218
 Boston,05/01/2020:17:15:52,mist,57.670000,100.000000,1005.000000,8,190
 Miami,05/01/2020:17:15:22,few clouds,80.110000,39.000000,1018.000000,3,190
 New York,05/01/2020:17:16:04,overcast clouds,60.280000,82.000000,1005.000000,8,171
 Seattle,05/01/2020:17:16:22,broken clouds,53.240000,62.000000,1018.000000,3,171
 San Francisco,05/01/2020:17:16:14,few clouds,58.530000,55.000000,1020.000000,13,290
 Austin,05/01/2020:17:15:44,clear sky,80.420000,34.000000,1018.000000,6,290
 Chicago,05/01/2020:17:15:51,scattered clouds,62.600000,35.000000,1018.000000,4,290
 Fairbanks,05/01/2020:17:16:28,clear sky,33.710000,50.000000,1013.000000,4,50
 Denver,05/01/2020:17:11:31,clear sky,66.610000,37.000000,1013.000000,12,150
 Indianapolis,05/01/2020:18:14:20,clear sky,72.590000,31.000000,1012.000000,21,160
 Atlanta,05/01/2020:18:18:37,clear sky,69.930000,32.000000,1018.000000,13,330
 Los Angeles,05/01/2020:18:19:12,clear sky,72.160000,50.000000,1014.000000,6,228
 Boston,05/01/2020:18:18:56,overcast clouds,60.510000,82.000000,1004.000000,8,188
 Miami,05/01/2020:18:18:37,few clouds,80.820000,36.000000,1017.000000,4,188
 New York,05/01/2020:18:19:05,light rain,61.120000,82.000000,1005.000000,4,240
 Seattle,05/01/2020:18:16:49,scattered clouds,56.950000,54.000000,1018.000000,3,240
 San Francisco,05/01/2020:18:19:13,few clouds,59.970000,48.000000,1020.000000,14,280
 Austin,05/01/2020:18:18:50,clear sky,82.850000,35.000000,1018.000000,8,170
 Chicago,05/01/2020:18:18:54,broken clouds,61.920000,33.000000,1017.000000,5,210
 Fairbanks,05/01/2020:18:16:51,clear sky,36.950000,47.000000,1013.000000,3,60
 Denver,05/01/2020:18:14:16,few clouds,66.830000,32.000000,1012.000000,12,150
 Indianapolis,05/01/2020:19:15:56,clear sky,73.920000,31.000000,1012.000000,19,170
 Atlanta,05/01/2020:19:15:32,clear sky,71.690000,33.000000,1018.000000,11,310
 Los Angeles,05/01/2020:19:16:21,clear sky,74.170000,50.000000,1014.000000,8,230
 Boston,05/01/2020:19:16:03,overcast clouds,61.570000,82.000000,1004.000000,5,260
 Miami,05/01/2020:19:15:32,scattered clouds,82.290000,32.000000,1017.000000,10,67
 New York,05/01/2020:19:16:09,light rain,63.100000,82.000000,1005.000000,5,260
 Seattle,05/01/2020:19:16:30,broken clouds,59.790000,41.000000,1018.000000,3,260
 San Francisco,05/01/2020:19:16:22,scattered clouds,63.790000,36.000000,1020.000000,18,280
 Austin,05/01/2020:19:15:49,scattered clouds,83.640000,39.000000,1017.000000,11,150
 Chicago,05/01/2020:19:15:57,broken clouds,63.450000,31.000000,1016.000000,7,124
 Fairbanks,05/01/2020:19:16:30,clear sky,37.960000,37.000000,1014.000000,0,269
 Denver,05/01/2020:19:11:41,clear sky,71.740000,28.000000,1012.000000,19,150
 Indianapolis,05/01/2020:20:16:32,clear sky,75.040000,29.000000,1011.000000,18,170
 Atlanta,05/01/2020:20:16:03,clear sky,72.790000,31.000000,1018.000000,16,270
 Los Angeles,05/01/2020:20:16:56,clear sky,74.570000,24.000000,1018.000000,10,237
 Boston,05/01/2020:20:16:35,overcast clouds,63.370000,87.000000,1003.000000,6,80
 Miami,05/01/2020:20:16:02,few clouds,82.330000,32.000000,1016.000000,11,69
 New York,05/01/2020:20:16:48,light rain,64.440000,82.000000,1005.000000,5,250
 Seattle,05/01/2020:20:17:00,scattered clouds,62.010000,36.000000,1018.000000,4,250
 San Francisco,05/01/2020:20:16:57,few clouds,63.970000,29.000000,1020.000000,24,280
 Austin,05/01/2020:20:16:22,broken clouds,85.800000,37.000000,1016.000000,14,150
 Chicago,05/01/2020:20:16:33,broken clouds,63.790000,29.000000,1016.000000,6,260
 Fairbanks,05/01/2020:20:17:00,clear sky,42.300000,38.000000,1014.000000,1,270
 Denver,05/01/2020:20:16:32,clear sky,75.600000,25.000000,1010.000000,19,160
 Indianapolis,05/01/2020:21:17:03,clear sky,76.690000,31.000000,1010.000000,18,170
 Atlanta,05/01/2020:21:16:44,clear sky,73.330000,28.000000,1017.000000,11,300
 Los Angeles,05/01/2020:21:17:27,clear sky,74.550000,50.000000,1014.000000,3,300
 Boston,05/01/2020:21:17:09,light rain,64.440000,72.000000,1003.000000,5,271
 Miami,05/01/2020:21:16:43,few clouds,81.500000,37.000000,1016.000000,9,70
 New York,05/01/2020:21:17:15,overcast clouds,65.080000,63.000000,1005.000000,2,266
 Seattle,05/01/2020:21:17:34,broken clouds,63.730000,36.000000,1017.000000,4,200
 San Francisco,05/01/2020:21:17:27,few clouds,65.930000,34.000000,1019.000000,18,290
 Austin,05/01/2020:21:16:56,clear sky,85.390000,31.000000,1015.000000,12,160
 Chicago,05/01/2020:21:17:03,broken clouds,65.340000,37.000000,1016.000000,8,190
 Fairbanks,05/01/2020:21:17:34,clear sky,43.740000,35.000000,1014.000000,4,280
 Denver,05/01/2020:21:17:03,clear sky,76.440000,27.000000,1009.000000,19,150
 Indianapolis,05/01/2020:22:15:58,clear sky,77.270000,30.000000,1010.000000,19,190
 Atlanta,05/01/2020:22:15:36,clear sky,72.990000,28.000000,1017.000000,8,300
 Los Angeles,05/01/2020:22:16:26,clear sky,75.670000,53.000000,1013.000000,5,250
 Boston,05/01/2020:22:16:05,light rain,63.180000,77.000000,1003.000000,5,50
 Miami,05/01/2020:22:15:35,few clouds,80.730000,39.000000,1016.000000,5,30
 New York,05/01/2020:22:16:13,scattered clouds,65.190000,59.000000,1005.000000,4,30
 Seattle,05/01/2020:22:16:32,broken clouds,63.500000,36.000000,1017.000000,6,30
 San Francisco,05/01/2020:22:16:26,few clouds,66.070000,42.000000,1019.000000,19,270
 Austin,05/01/2020:22:15:56,broken clouds,85.800000,37.000000,1014.000000,16,150
 Chicago,05/01/2020:22:16:05,overcast clouds,63.590000,36.000000,1016.000000,10,100
 Fairbanks,05/01/2020:22:16:33,clear sky,46.440000,30.000000,1014.000000,4,250
 Denver,05/01/2020:22:11:07,clear sky,77.090000,27.000000,1009.000000,19,150
 Indianapolis,05/01/2020:23:15:57,clear sky,77.810000,30.000000,1010.000000,18,180
 Atlanta,05/01/2020:23:15:33,clear sky,72.390000,28.000000,1017.000000,10,280
 Los Angeles,05/01/2020:23:16:19,clear sky,75.760000,53.000000,1013.000000,5,250
 Boston,05/01/2020:23:15:58,light rain,61.050000,77.000000,1003.000000,5,50
 Miami,05/01/2020:23:15:32,clear sky,79.050000,42.000000,1016.000000,10,90
 New York,05/01/2020:23:16:11,few clouds,64.360000,55.000000,1006.000000,7,11
 Seattle,05/01/2020:23:16:33,overcast clouds,64.020000,36.000000,1016.000000,4,11
 San Francisco,05/01/2020:23:16:20,few clouds,66.250000,45.000000,1018.000000,20,270
 Austin,05/01/2020:23:15:51,clear sky,84.650000,30.000000,1014.000000,10,150
 Chicago,05/01/2020:23:15:57,broken clouds,60.400000,38.000000,1016.000000,10,120
 Fairbanks,05/01/2020:23:16:33,clear sky,47.530000,31.000000,1014.000000,4,290
 Denver,05/01/2020:23:15:57,clear sky,76.120000,29.000000,1009.000000,17,190
 Indianapolis,05/02/2020:00:15:45,clear sky,76.460000,34.000000,1009.000000,19,180
 Atlanta,05/02/2020:00:15:23,clear sky,69.580000,35.000000,1018.000000,6,270
 Los Angeles,05/02/2020:00:16:10,clear sky,75.420000,50.000000,1013.000000,3,260
 Boston,05/02/2020:00:15:46,light rain,58.190000,93.000000,1004.000000,4,260
 Miami,05/02/2020:00:15:16,scattered clouds,76.030000,50.000000,1017.000000,10,90
 New York,05/02/2020:00:16:00,clear sky,62.690000,59.000000,1006.000000,8,9
 Seattle,05/02/2020:00:16:17,overcast clouds,64.180000,39.000000,1016.000000,4,220
 San Francisco,05/02/2020:00:16:10,few clouds,64.470000,45.000000,1018.000000,21,270
 Austin,05/02/2020:00:15:39,clear sky,82.330000,35.000000,1014.000000,10,140
 Chicago,05/02/2020:00:15:45,broken clouds,60.870000,41.000000,1016.000000,5,130
 Fairbanks,05/02/2020:00:16:17,clear sky,49.410000,29.000000,1013.000000,4,270
 Denver,05/02/2020:00:11:37,clear sky,75.270000,29.000000,1009.000000,17,190
 Indianapolis,05/02/2020:01:15:48,clear sky,73.090000,38.000000,1010.000000,11,180
 Atlanta,05/02/2020:01:15:24,clear sky,67.240000,40.000000,1018.000000,3,240
 Los Angeles,05/02/2020:01:16:11,clear sky,73.560000,47.000000,1012.000000,6,210
 Boston,05/02/2020:01:15:53,light rain,57.200000,93.000000,1005.000000,4,305
 Miami,05/02/2020:01:15:24,scattered clouds,75.470000,53.000000,1018.000000,5,60
 New York,05/02/2020:01:16:00,overcast clouds,61.950000,63.000000,1007.000000,10,328
 Seattle,05/02/2020:01:16:20,broken clouds,63.840000,36.000000,1016.000000,4,328
 San Francisco,05/02/2020:01:16:11,few clouds,62.910000,48.000000,1018.000000,24,260
 Austin,05/02/2020:01:15:41,clear sky,79.090000,42.000000,1014.000000,8,160
 Chicago,05/02/2020:01:15:48,broken clouds,57.070000,47.000000,1015.000000,8,120
 Fairbanks,05/02/2020:01:16:25,clear sky,49.510000,27.000000,1013.000000,8,300
 Denver,05/02/2020:01:11:20,clear sky,71.510000,33.000000,1008.000000,17,170
 Indianapolis,05/02/2020:02:15:51,clear sky,68.320000,52.000000,1010.000000,9,160
 Atlanta,05/02/2020:02:15:23,clear sky,61.200000,62.000000,1019.000000,6,298
 Los Angeles,05/02/2020:02:16:25,clear sky,69.960000,56.000000,1012.000000,6,191
 Boston,05/02/2020:02:15:56,overcast clouds,56.280000,93.000000,1004.000000,3,286
 Miami,05/02/2020:02:15:22,scattered clouds,75.160000,57.000000,1018.000000,4,70
 New York,05/02/2020:02:16:10,overcast clouds,61.230000,59.000000,1007.000000,3,70
 Seattle,05/02/2020:02:16:33,overcast clouds,62.290000,39.000000,1016.000000,3,220
 San Francisco,05/02/2020:02:16:26,few clouds,60.300000,59.000000,1018.000000,21,260
 Austin,05/02/2020:02:15:44,scattered clouds,75.670000,60.000000,1014.000000,13,160
 Chicago,05/02/2020:02:15:52,broken clouds,56.980000,50.000000,1015.000000,6,120
 Fairbanks,05/02/2020:02:16:33,clear sky,48.540000,27.000000,1013.000000,12,260
 Denver,05/02/2020:02:10:58,clear sky,69.510000,35.000000,1008.000000,17,160
 Indianapolis,05/02/2020:03:15:46,clear sky,65.880000,55.000000,1010.000000,10,160
 Atlanta,05/02/2020:03:15:24,clear sky,58.770000,71.000000,1019.000000,6,309
 Los Angeles,05/02/2020:03:16:11,clear sky,67.550000,56.000000,1012.000000,6,160
 Boston,05/02/2020:03:15:50,light rain,55.740000,93.000000,1004.000000,3,250
 Miami,05/02/2020:03:15:24,clear sky,73.620000,64.000000,1019.000000,3,90
 New York,05/02/2020:03:15:59,overcast clouds,60.620000,63.000000,1008.000000,16,330
 Seattle,05/02/2020:03:16:20,overcast clouds,60.400000,36.000000,1016.000000,5,200
 San Francisco,05/02/2020:03:16:12,broken clouds,57.740000,67.000000,1018.000000,12,260
 Austin,05/02/2020:03:15:41,scattered clouds,73.130000,64.000000,1015.000000,11,150
 Chicago,05/02/2020:03:15:50,broken clouds,56.640000,51.000000,1015.000000,4,180
 Fairbanks,05/02/2020:03:16:20,clear sky,46.980000,25.000000,1013.000000,9,260
 Denver,05/02/2020:03:15:46,clear sky,65.710000,45.000000,1008.000000,16,160
 Indianapolis,05/02/2020:04:15:46,clear sky,63.640000,59.000000,1010.000000,10,160
 Atlanta,05/02/2020:04:15:24,clear sky,57.870000,76.000000,1019.000000,5,320
 Los Angeles,05/02/2020:04:16:12,clear sky,66.330000,56.000000,1013.000000,3,260
 Boston,05/02/2020:04:15:52,light rain,56.170000,87.000000,1004.000000,5,300
 Miami,05/02/2020:04:15:24,few clouds,72.100000,64.000000,1019.000000,10,82
 New York,05/02/2020:04:16:00,broken clouds,59.340000,62.000000,1009.000000,16,335
 Seattle,05/02/2020:04:16:20,broken clouds,57.880000,44.000000,1016.000000,6,240
 San Francisco,05/02/2020:04:16:13,broken clouds,55.850000,87.000000,1018.000000,14,270
 Austin,05/02/2020:04:15:42,few clouds,70.470000,73.000000,1016.000000,5,160
 Chicago,05/02/2020:04:15:46,broken clouds,58.150000,48.000000,1015.000000,8,170
 Fairbanks,05/02/2020:04:16:26,clear sky,45.540000,24.000000,1013.000000,6,310
 Denver,05/02/2020:04:15:46,clear sky,64.110000,48.000000,1008.000000,10,170
 Indianapolis,05/02/2020:05:15:44,clear sky,63.050000,63.000000,1010.000000,9,180
 Atlanta,05/02/2020:05:15:21,clear sky,57.220000,71.000000,1019.000000,4,332
 Los Angeles,05/02/2020:05:16:09,clear sky,64.090000,59.000000,1014.000000,4,142
 Boston,05/02/2020:05:15:49,light rain,55.440000,87.000000,1005.000000,16,330
 Miami,05/02/2020:05:15:21,few clouds,71.920000,64.000000,1019.000000,8,83
 New York,05/02/2020:05:15:56,light rain,57.430000,67.000000,1009.000000,3,83
 Seattle,05/02/2020:05:16:17,broken clouds,55.670000,47.000000,1016.000000,2,177
 San Francisco,05/02/2020:05:16:09,broken clouds,55.110000,87.000000,1019.000000,10,270
 Austin,05/02/2020:05:15:35,clear sky,68.580000,73.000000,1016.000000,13,182
 Chicago,05/02/2020:05:15:44,broken clouds,58.960000,57.000000,1018.000000,10,172
 Fairbanks,05/02/2020:05:16:17,clear sky,43.920000,24.000000,1014.000000,6,340
 Denver,05/02/2020:05:15:44,clear sky,62.200000,55.000000,1008.000000,10,190
 Indianapolis,05/02/2020:06:16:24,clear sky,61.180000,67.000000,1010.000000,10,180
 Atlanta,05/02/2020:06:15:57,clear sky,55.260000,87.000000,1020.000000,3,336
 Los Angeles,05/02/2020:06:16:45,clear sky,64.020000,59.000000,1014.000000,4,134
 Boston,05/02/2020:06:16:26,light rain,52.920000,86.000000,1006.000000,10,360
 Miami,05/02/2020:06:15:56,clear sky,70.520000,73.000000,1019.000000,9,73
 New York,05/02/2020:06:16:34,clear sky,55.580000,58.000000,1010.000000,3,73
 Seattle,05/02/2020:06:16:54,broken clouds,53.980000,50.000000,1015.000000,2,146
 San Francisco,05/02/2020:06:16:46,broken clouds,54.790000,87.000000,1019.000000,10,280
 Austin,05/02/2020:06:16:15,broken clouds,68.200000,73.000000,1017.000000,6,180
 Chicago,05/02/2020:06:16:25,broken clouds,59.050000,55.000000,1017.000000,11,165
 Fairbanks,05/02/2020:06:16:55,clear sky,41.200000,26.000000,1014.000000,5,340
 Denver,05/02/2020:06:16:24,few clouds,61.900000,59.000000,1009.000000,9,180
 Indianapolis,05/02/2020:07:15:38,clear sky,60.260000,72.000000,1010.000000,9,200
 Atlanta,05/02/2020:07:15:17,clear sky,53.510000,87.000000,1020.000000,4,326
 Los Angeles,05/02/2020:07:16:05,clear sky,63.930000,59.000000,1014.000000,3,151
 Boston,05/02/2020:07:15:45,light rain,51.570000,76.000000,1007.000000,17,310
 Miami,05/02/2020:07:15:17,few clouds,70.830000,77.000000,1018.000000,8,67
 New York,05/02/2020:07:15:52,clear sky,54.590000,54.000000,1011.000000,13,336
 Seattle,05/02/2020:07:16:12,broken clouds,53.260000,50.000000,1015.000000,2,72
 San Francisco,05/02/2020:07:16:06,broken clouds,53.960000,87.000000,1019.000000,12,290
 Austin,05/02/2020:07:15:32,broken clouds,67.780000,82.000000,1016.000000,10,180
 Chicago,05/02/2020:07:15:39,overcast clouds,59.590000,48.000000,1013.000000,11,180
 Fairbanks,05/02/2020:07:16:12,clear sky,39.310000,28.000000,1014.000000,5,10
 Denver,05/02/2020:07:15:38,clear sky,60.300000,63.000000,1009.000000,4,210
 Indianapolis,05/02/2020:08:15:45,clear sky,58.620000,72.000000,1010.000000,4,220
 Atlanta,05/02/2020:08:15:17,clear sky,52.360000,93.000000,1020.000000,3,315
 Los Angeles,05/02/2020:08:16:06,clear sky,62.600000,59.000000,1014.000000,3,154
 Boston,05/02/2020:08:15:48,broken clouds,48.700000,66.000000,1008.000000,18,310
 Miami,05/02/2020:08:15:17,few clouds,69.060000,77.000000,1018.000000,3,310
 New York,05/02/2020:08:15:56,clear sky,53.130000,58.000000,1012.000000,5,310
 Seattle,05/02/2020:08:16:16,broken clouds,52.790000,71.000000,1014.000000,0,128
 San Francisco,05/02/2020:08:16:07,overcast clouds,53.760000,87.000000,1019.000000,6,270
 Austin,05/02/2020:08:15:39,broken clouds,67.480000,93.000000,1015.000000,6,170
 Chicago,05/02/2020:08:15:45,broken clouds,59.630000,51.000000,1012.000000,11,180
 Fairbanks,05/02/2020:08:16:16,clear sky,36.360000,38.000000,1015.000000,3,100
 Denver,05/02/2020:08:15:45,clear sky,59.970000,63.000000,1009.000000,8,290
 Indianapolis,05/02/2020:09:15:50,clear sky,58.080000,72.000000,1011.000000,6,270
 Atlanta,05/02/2020:09:15:21,clear sky,51.390000,93.000000,1020.000000,3,342
 Los Angeles,05/02/2020:09:16:11,clear sky,62.330000,63.000000,1015.000000,3,130
 Boston,05/02/2020:09:15:51,light rain,46.420000,65.000000,1008.000000,21,310
 Miami,05/02/2020:09:15:21,few clouds,69.060000,77.000000,1019.000000,3,280
 New York,05/02/2020:09:15:58,clear sky,52.390000,58.000000,1012.000000,3,280
 Seattle,05/02/2020:09:16:19,overcast clouds,52.720000,71.000000,1014.000000,5,140
 San Francisco,05/02/2020:09:16:11,overcast clouds,53.310000,87.000000,1018.000000,4,270
 Austin,05/02/2020:09:15:42,overcast clouds,67.330000,93.000000,1015.000000,8,180
 Chicago,05/02/2020:09:15:50,overcast clouds,58.960000,62.000000,1015.000000,11,195
 Fairbanks,05/02/2020:09:16:20,clear sky,34.380000,40.000000,1015.000000,3,11
 Denver,05/02/2020:09:15:44,clear sky,63.500000,59.000000,1011.000000,12,320
 Indianapolis,05/02/2020:10:16:10,clear sky,56.590000,82.000000,1011.000000,8,290
 Atlanta,05/02/2020:10:15:45,light rain,50.290000,93.000000,1020.000000,2,6
 Los Angeles,05/02/2020:10:16:31,scattered clouds,61.740000,72.000000,1014.000000,2,170
 Boston,05/02/2020:10:16:10,few clouds,45.460000,61.000000,1009.000000,13,320
 Miami,05/02/2020:10:15:44,few clouds,67.860000,77.000000,1019.000000,4,350
 New York,05/02/2020:10:16:19,clear sky,51.510000,62.000000,1014.000000,9,333
 Seattle,05/02/2020:10:16:38,overcast clouds,52.340000,76.000000,1013.000000,5,180
 San Francisco,05/02/2020:10:16:31,broken clouds,53.060000,93.000000,1018.000000,9,270
 Austin,05/02/2020:10:16:03,overcast clouds,67.370000,93.000000,1015.000000,12,190
 Chicago,05/02/2020:10:16:10,scattered clouds,58.190000,58.000000,1012.000000,8,200
 Fairbanks,05/02/2020:10:16:38,clear sky,33.460000,47.000000,1015.000000,3,19
 Denver,05/02/2020:10:16:10,clear sky,59.970000,71.000000,1011.000000,9,320
 Indianapolis,05/02/2020:11:15:41,clear sky,56.160000,87.000000,1012.000000,6,310
 Atlanta,05/02/2020:11:15:12,clear sky,49.710000,93.000000,1021.000000,1,105
 Los Angeles,05/02/2020:11:16:00,clear sky,59.670000,82.000000,1014.000000,4,90
 Boston,05/02/2020:11:15:42,few clouds,46.960000,61.000000,1011.000000,16,320
 Miami,05/02/2020:11:15:11,scattered clouds,67.590000,77.000000,1020.000000,10,53
 New York,05/02/2020:11:15:51,clear sky,52.700000,62.000000,1015.000000,3,53
 Seattle,05/02/2020:11:16:11,light rain,51.660000,71.000000,1014.000000,9,150
 San Francisco,05/02/2020:11:16:00,light rain,53.350000,87.000000,1018.000000,5,240
 Austin,05/02/2020:11:15:33,overcast clouds,67.460000,88.000000,1016.000000,10,200
 Chicago,05/02/2020:11:15:41,scattered clouds,57.880000,67.000000,1011.000000,9,210
 Fairbanks,05/02/2020:11:16:12,clear sky,30.200000,68.000000,1016.000000,3,25
 Denver,05/02/2020:11:15:41,clear sky,57.380000,67.000000,1012.000000,6,290
 Indianapolis,05/02/2020:12:15:39,clear sky,60.080000,77.000000,1013.000000,9,340
 Atlanta,05/02/2020:12:15:15,clear sky,51.850000,93.000000,1022.000000,2,131
 Los Angeles,05/02/2020:12:16:04,broken clouds,60.240000,77.000000,1014.000000,2,215
 Boston,05/02/2020:12:15:44,few clouds,49.480000,57.000000,1011.000000,14,320
 Miami,05/02/2020:12:15:15,broken clouds,70.320000,73.000000,1020.000000,12,50
 New York,05/02/2020:12:15:52,clear sky,54.720000,58.000000,1016.000000,3,50
 Seattle,05/02/2020:12:16:13,light rain,50.430000,87.000000,1012.000000,4,130
 San Francisco,05/02/2020:12:16:05,broken clouds,54.000000,87.000000,1018.000000,6,270
 Austin,05/02/2020:12:15:32,overcast clouds,67.300000,93.000000,1016.000000,8,180
 Chicago,05/02/2020:12:15:40,broken clouds,59.000000,67.000000,1011.000000,10,200
 Fairbanks,05/02/2020:12:16:13,clear sky,30.180000,63.000000,1016.000000,3,23
 Denver,05/02/2020:12:15:39,clear sky,57.380000,67.000000,1013.000000,8,280
 Indianapolis,05/02/2020:13:15:51,clear sky,60.930000,63.000000,1014.000000,8,350
 Atlanta,05/02/2020:13:15:23,clear sky,58.710000,71.000000,1023.000000,2,143
 Los Angeles,05/02/2020:13:16:11,scattered clouds,60.490000,77.000000,1014.000000,2,186
 Boston,05/02/2020:13:15:56,few clouds,52.380000,50.000000,1012.000000,10,330
 Miami,05/02/2020:13:15:23,broken clouds,75.740000,60.000000,1021.000000,5,350
 New York,05/02/2020:13:16:02,clear sky,56.980000,54.000000,1016.000000,12,334
 Seattle,05/02/2020:13:16:21,light rain,50.630000,81.000000,1011.000000,3,150
 San Francisco,05/02/2020:13:16:15,light rain,54.190000,87.000000,1019.000000,3,150
 Austin,05/02/2020:13:15:43,overcast clouds,68.520000,77.000000,1017.000000,13,184
 Chicago,05/02/2020:13:15:51,broken clouds,62.580000,63.000000,1011.000000,13,220
 Fairbanks,05/02/2020:13:16:21,clear sky,28.360000,73.000000,1016.000000,5,60
 Denver,05/02/2020:13:15:50,clear sky,60.980000,59.000000,1014.000000,11,320
 Indianapolis,05/02/2020:14:15:45,clear sky,66.970000,52.000000,1015.000000,10,340
 Atlanta,05/02/2020:14:15:22,clear sky,65.010000,59.000000,1023.000000,3,161
 Los Angeles,05/02/2020:14:16:06,clear sky,62.010000,82.000000,1015.000000,3,180
 Boston,05/02/2020:14:15:47,light rain,56.080000,43.000000,1012.000000,12,320
 Miami,05/02/2020:14:15:16,scattered clouds,80.100000,54.000000,1021.000000,5,320
 New York,05/02/2020:14:15:57,clear sky,61.790000,39.000000,1016.000000,11,333
 Seattle,05/02/2020:14:16:12,overcast clouds,51.210000,87.000000,1011.000000,3,250
 San Francisco,05/02/2020:14:16:06,broken clouds,54.390000,87.000000,1019.000000,5,220
 Austin,05/02/2020:14:15:38,broken clouds,71.870000,73.000000,1017.000000,5,170
 Chicago,05/02/2020:14:15:45,broken clouds,65.170000,63.000000,1011.000000,13,250
 Fairbanks,05/02/2020:14:16:18,clear sky,29.050000,63.000000,1016.000000,3,19
 Denver,05/02/2020:14:15:45,clear sky,64.150000,55.000000,1014.000000,9,340
 Indianapolis,05/02/2020:15:15:46,clear sky,68.230000,40.000000,1015.000000,9,10
 Atlanta,05/02/2020:15:15:24,clear sky,72.100000,46.000000,1023.000000,1,189
 Los Angeles,05/02/2020:15:16:09,clear sky,63.810000,77.000000,1015.000000,4,202
 Boston,05/02/2020:15:15:47,few clouds,59.630000,39.000000,1012.000000,14,300
 Miami,05/02/2020:15:15:15,broken clouds,81.390000,44.000000,1021.000000,8,50
 New York,05/02/2020:15:16:00,clear sky,64.110000,37.000000,1016.000000,11,331
 Seattle,05/02/2020:15:16:16,light rain,52.410000,81.000000,1010.000000,4,320
 San Francisco,05/02/2020:15:16:09,broken clouds,55.290000,82.000000,1019.000000,3,120
 Austin,05/02/2020:15:15:40,broken clouds,74.800000,69.000000,1017.000000,8,200
 Chicago,05/02/2020:15:15:46,broken clouds,67.370000,60.000000,1011.000000,11,240
 Fairbanks,05/02/2020:15:16:22,clear sky,29.460000,68.000000,1016.000000,2,22
 Denver,05/02/2020:15:15:46,broken clouds,67.770000,43.000000,1014.000000,10,300
 Indianapolis,05/02/2020:16:15:51,clear sky,69.030000,40.000000,1016.000000,5,340
 Atlanta,05/02/2020:16:15:28,few clouds,75.090000,31.000000,1023.000000,2,199
 Los Angeles,05/02/2020:16:16:19,few clouds,66.780000,68.000000,1016.000000,4,191
 Boston,05/02/2020:16:15:55,few clouds,61.930000,31.000000,1011.000000,16,310
 Miami,05/02/2020:16:15:28,broken clouds,81.950000,45.000000,1021.000000,6,100
 New York,05/02/2020:16:16:04,clear sky,66.130000,37.000000,1016.000000,6,100
 Seattle,05/02/2020:16:16:26,overcast clouds,53.510000,81.000000,1009.000000,3,100
 San Francisco,05/02/2020:16:16:19,broken clouds,56.530000,82.000000,1020.000000,3,210
 Austin,05/02/2020:16:15:46,scattered clouds,76.930000,65.000000,1017.000000,9,200
 Chicago,05/02/2020:16:15:54,broken clouds,69.530000,53.000000,1011.000000,10,220
 Fairbanks,05/02/2020:16:16:30,clear sky,31.010000,74.000000,1016.000000,2,20
 Denver,05/02/2020:16:11:30,broken clouds,68.970000,43.000000,1014.000000,10,300
 Indianapolis,05/02/2020:17:15:50,scattered clouds,69.030000,43.000000,1017.000000,6,320
 Atlanta,05/02/2020:17:15:25,clear sky,77.320000,31.000000,1022.000000,5,280
 Los Angeles,05/02/2020:17:16:11,few clouds,69.370000,64.000000,1016.000000,5,192
 Boston,05/02/2020:17:15:50,scattered clouds,65.120000,36.000000,1011.000000,13,310
 Miami,05/02/2020:17:15:24,broken clouds,82.980000,48.000000,1021.000000,9,90
 New York,05/02/2020:17:16:03,clear sky,69.310000,30.000000,1016.000000,5,90
 Seattle,05/02/2020:17:16:22,overcast clouds,55.350000,76.000000,1008.000000,3,60
 San Francisco,05/02/2020:17:16:11,broken clouds,57.690000,77.000000,1020.000000,4,30
 Austin,05/02/2020:17:15:44,few clouds,82.170000,58.000000,1017.000000,9,200
 Chicago,05/02/2020:17:15:50,scattered clouds,75.020000,47.000000,1011.000000,11,260
 Fairbanks,05/02/2020:17:16:22,clear sky,37.350000,40.000000,1016.000000,8,10
 Denver,05/02/2020:17:11:19,clear sky,69.240000,37.000000,1014.000000,9,330
 Indianapolis,05/02/2020:18:13:11,scattered clouds,72.390000,36.000000,1016.000000,6,320
 Atlanta,05/02/2020:18:16:09,clear sky,79.920000,26.000000,1022.000000,4,320
 Los Angeles,05/02/2020:18:17:00,clear sky,71.440000,64.000000,1016.000000,9,240
 Boston,05/02/2020:18:16:38,scattered clouds,67.420000,25.000000,1011.000000,17,320
 Miami,05/02/2020:18:16:09,broken clouds,82.510000,48.000000,1020.000000,11,100
 New York,05/02/2020:18:16:47,clear sky,70.920000,28.000000,1015.000000,9,304
 Seattle,05/02/2020:18:17:07,light rain,54.790000,76.000000,1008.000000,3,200
 San Francisco,05/02/2020:18:17:01,light rain,59.700000,68.000000,1021.000000,6,260
 Austin,05/02/2020:18:16:28,scattered clouds,84.490000,62.000000,1016.000000,13,160
 Chicago,05/02/2020:18:16:34,broken clouds,76.410000,41.000000,1011.000000,14,260
 Fairbanks,05/02/2020:18:17:08,clear sky,39.760000,47.000000,1016.000000,2,21
 Denver,05/02/2020:18:13:06,light rain,69.600000,46.000000,1015.000000,11,310
 Indianapolis,05/02/2020:19:15:55,scattered clouds,73.090000,33.000000,1015.000000,6,340
 Atlanta,05/02/2020:19:15:35,clear sky,80.800000,26.000000,1021.000000,8,210
 Los Angeles,05/02/2020:19:16:19,clear sky,74.320000,50.000000,1016.000000,7,212
 Boston,05/02/2020:19:16:00,clear sky,68.790000,24.000000,1010.000000,16,290
 Miami,05/02/2020:19:15:34,broken clouds,81.970000,48.000000,1020.000000,9,70
 New York,05/02/2020:19:16:11,clear sky,71.920000,27.000000,1014.000000,8,286
 Seattle,05/02/2020:19:16:29,light rain,54.720000,87.000000,1009.000000,4,262
 San Francisco,05/02/2020:19:16:23,broken clouds,61.680000,68.000000,1021.000000,12,290
 Austin,05/02/2020:19:15:51,scattered clouds,86.500000,58.000000,1016.000000,16,160
 Chicago,05/02/2020:19:15:56,broken clouds,76.690000,41.000000,1011.000000,18,300
 Fairbanks,05/02/2020:19:16:32,clear sky,42.660000,38.000000,1016.000000,2,28
 Denver,05/02/2020:19:11:40,few clouds,71.490000,33.000000,1014.000000,13,310
 Indianapolis,05/02/2020:20:16:13,clear sky,73.150000,31.000000,1015.000000,12,350
 Atlanta,05/02/2020:20:15:50,clear sky,81.900000,30.000000,1020.000000,6,230
 Los Angeles,05/02/2020:20:16:37,clear sky,74.910000,47.000000,1016.000000,6,260
 Boston,05/02/2020:20:16:15,broken clouds,70.000000,22.000000,1009.000000,16,290
 Miami,05/02/2020:20:15:49,broken clouds,81.340000,47.000000,1020.000000,11,60
 New York,05/02/2020:20:16:26,clear sky,72.160000,27.000000,1013.000000,4,60
 Seattle,05/02/2020:20:16:47,light rain,55.440000,82.000000,1009.000000,8,80
 San Francisco,05/02/2020:20:16:37,broken clouds,62.020000,63.000000,1021.000000,14,280
 Austin,05/02/2020:20:16:07,few clouds,88.230000,55.000000,1015.000000,12,180
 Chicago,05/02/2020:20:16:14,broken clouds,76.550000,44.000000,1011.000000,18,270
 Fairbanks,05/02/2020:20:16:47,clear sky,45.610000,28.000000,1016.000000,2,41
 Denver,05/02/2020:20:11:52,overcast clouds,71.190000,28.000000,1014.000000,14,300
 Indianapolis,05/02/2020:21:16:40,clear sky,72.340000,31.000000,1015.000000,12,330
 Atlanta,05/02/2020:21:16:17,clear sky,81.520000,28.000000,1019.000000,8,225
 Los Angeles,05/02/2020:21:17:01,clear sky,74.430000,53.000000,1016.000000,10,260
 Boston,05/02/2020:21:16:44,broken clouds,68.720000,34.000000,1010.000000,12,320
 Miami,05/02/2020:21:16:17,broken clouds,80.980000,47.000000,1019.000000,9,80
 New York,05/02/2020:21:16:53,clear sky,73.060000,27.000000,1013.000000,8,260
 Seattle,05/02/2020:21:17:10,"moderate rain,mist",55.180000,87.000000,1009.000000,5,160
 San Francisco,05/02/2020:21:17:01,broken clouds,64.530000,56.000000,1021.000000,13,270
 Austin,05/02/2020:21:16:31,scattered clouds,89.550000,49.000000,1015.000000,9,150
 Chicago,05/02/2020:21:16:40,overcast clouds,75.650000,36.000000,1012.000000,12,280
 Fairbanks,05/02/2020:21:17:10,clear sky,46.710000,28.000000,1015.000000,3,250
 Denver,05/02/2020:21:16:40,few clouds,72.160000,25.000000,1014.000000,11,290
 Indianapolis,05/02/2020:22:16:30,scattered clouds,72.120000,38.000000,1014.000000,9,330
 Atlanta,05/02/2020:22:16:02,clear sky,81.010000,28.000000,1019.000000,8,200
 Los Angeles,05/02/2020:22:16:52,clear sky,74.610000,40.000000,1016.000000,4,200
 Boston,05/02/2020:22:16:31,broken clouds,68.140000,22.000000,1010.000000,14,290
 Miami,05/02/2020:22:16:02,broken clouds,79.790000,47.000000,1019.000000,13,80
 New York,05/02/2020:22:16:44,clear sky,72.520000,25.000000,1013.000000,13,275
 Seattle,05/02/2020:22:16:59,"moderate rain,mist",54.860000,87.000000,1010.000000,10,170
 San Francisco,05/02/2020:22:16:52,broken clouds,62.740000,59.000000,1021.000000,16,270
 Austin,05/02/2020:22:16:24,few clouds,89.130000,49.000000,1014.000000,8,150
 Chicago,05/02/2020:22:16:30,broken clouds,75.880000,31.000000,1011.000000,17,260
 Fairbanks,05/02/2020:22:17:04,clear sky,47.770000,26.000000,1015.000000,3,130
 Denver,05/02/2020:22:16:30,clear sky,73.440000,22.000000,1013.000000,14,270
 Indianapolis,05/02/2020:23:16:14,broken clouds,70.680000,40.000000,1015.000000,8,300
 Atlanta,05/02/2020:23:15:49,clear sky,80.110000,30.000000,1019.000000,6,190
 Los Angeles,05/02/2020:23:16:39,clear sky,75.400000,38.000000,1015.000000,6,260
 Boston,05/02/2020:23:16:19,broken clouds,65.410000,24.000000,1010.000000,11,320
 Miami,05/02/2020:23:15:48,broken clouds,77.860000,54.000000,1019.000000,10,70
 New York,05/02/2020:23:16:31,clear sky,71.190000,32.000000,1012.000000,10,270
 Seattle,05/02/2020:23:16:47,"light rain,mist",52.720000,93.000000,1011.000000,10,200
 San Francisco,05/02/2020:23:16:39,broken clouds,62.010000,63.000000,1021.000000,17,270
 Austin,05/02/2020:23:16:09,clear sky,87.530000,49.000000,1014.000000,11,160
 Chicago,05/02/2020:23:16:14,broken clouds,74.410000,31.000000,1011.000000,17,270
 Fairbanks,05/02/2020:23:16:47,clear sky,49.500000,25.000000,1015.000000,8,110
 Denver,05/02/2020:23:11:54,clear sky,72.770000,22.000000,1013.000000,14,270
 Indianapolis,05/03/2020:00:15:59,light rain,68.050000,56.000000,1014.000000,6,280
 Atlanta,05/03/2020:00:15:41,clear sky,76.820000,31.000000,1019.000000,5,190
 Los Angeles,05/03/2020:00:16:26,clear sky,73.740000,38.000000,1015.000000,6,260
 Boston,05/03/2020:00:16:06,broken clouds,62.600000,25.000000,1010.000000,3,280
 Miami,05/03/2020:00:15:41,broken clouds,76.770000,54.000000,1019.000000,10,70
 New York,05/03/2020:00:16:14,clear sky,68.940000,34.000000,1013.000000,13,270
 Seattle,05/03/2020:00:16:31,light rain,53.350000,76.000000,1012.000000,13,190
 San Francisco,05/03/2020:00:16:26,broken clouds,60.980000,68.000000,1020.000000,13,260
 Austin,05/03/2020:00:15:56,clear sky,84.720000,58.000000,1013.000000,19,150
 Chicago,05/03/2020:00:16:06,broken clouds,71.940000,37.000000,1011.000000,14,260
 Fairbanks,05/03/2020:00:16:36,clear sky,49.960000,25.000000,1014.000000,9,70
 Denver,05/03/2020:00:15:59,broken clouds,69.570000,49.000000,1013.000000,8,260
 Indianapolis,05/03/2020:01:15:52,light rain,65.160000,77.000000,1014.000000,5,250
 Atlanta,05/03/2020:01:15:25,clear sky,72.570000,38.000000,1019.000000,3,220
 Los Angeles,05/03/2020:01:16:13,clear sky,71.200000,49.000000,1015.000000,5,260
 Boston,05/03/2020:01:15:53,scattered clouds,60.210000,55.000000,1011.000000,3,190
 Miami,05/03/2020:01:15:24,broken clouds,76.050000,53.000000,1020.000000,12,80
 New York,05/03/2020:01:16:06,few clouds,67.460000,37.000000,1014.000000,9,260
 Seattle,05/03/2020:01:16:24,broken clouds,54.970000,71.000000,1013.000000,10,190
 San Francisco,05/03/2020:01:16:13,broken clouds,59.700000,68.000000,1020.000000,13,260
 Austin,05/03/2020:01:15:46,few clouds,82.060000,65.000000,1014.000000,12,150
 Chicago,05/03/2020:01:15:52,broken clouds,70.930000,37.000000,1011.000000,9,270
 Fairbanks,05/03/2020:01:16:24,clear sky,49.350000,23.000000,1014.000000,8,40
 Denver,05/03/2020:01:15:52,scattered clouds,67.010000,30.000000,1013.000000,9,280
 Indianapolis,05/03/2020:02:15:46,overcast clouds,62.380000,77.000000,1015.000000,6,220
 Atlanta,05/03/2020:02:15:24,clear sky,67.680000,55.000000,1020.000000,6,212
 Los Angeles,05/03/2020:02:16:13,clear sky,68.520000,49.000000,1015.000000,5,260
 Boston,05/03/2020:02:15:51,broken clouds,58.510000,50.000000,1012.000000,6,190
 Miami,05/03/2020:02:15:24,broken clouds,75.810000,57.000000,1020.000000,11,70
 New York,05/03/2020:02:16:01,clear sky,65.910000,42.000000,1014.000000,8,260
 Seattle,05/03/2020:02:16:20,light rain,53.470000,71.000000,1013.000000,12,230
 San Francisco,05/03/2020:02:16:13,broken clouds,59.130000,72.000000,1020.000000,12,260
 Austin,05/03/2020:02:15:43,few clouds,78.750000,69.000000,1014.000000,12,160
 Chicago,05/03/2020:02:15:47,broken clouds,68.130000,45.000000,1012.000000,5,240
 Fairbanks,05/03/2020:02:16:20,clear sky,48.430000,23.000000,1014.000000,11,50
 Denver,05/03/2020:02:10:49,scattered clouds,65.350000,30.000000,1013.000000,9,280
 Indianapolis,05/03/2020:03:15:49,overcast clouds,61.480000,77.000000,1015.000000,5,250
 Atlanta,05/03/2020:03:15:25,clear sky,63.900000,72.000000,1020.000000,5,215
 Los Angeles,05/03/2020:03:16:14,clear sky,66.610000,53.000000,1015.000000,3,215
 Boston,05/03/2020:03:15:54,broken clouds,57.450000,54.000000,1011.000000,4,210
 Miami,05/03/2020:03:15:20,scattered clouds,75.240000,57.000000,1021.000000,8,60
 New York,05/03/2020:03:16:00,overcast clouds,65.030000,42.000000,1014.000000,6,260
 Seattle,05/03/2020:03:16:19,overcast clouds,51.910000,66.000000,1014.000000,12,200
 San Francisco,05/03/2020:03:16:14,broken clouds,58.600000,77.000000,1021.000000,13,270
 Austin,05/03/2020:03:15:42,few clouds,76.010000,69.000000,1015.000000,14,170
 Chicago,05/03/2020:03:15:49,broken clouds,66.600000,52.000000,1012.000000,8,250
 Fairbanks,05/03/2020:03:16:23,clear sky,46.920000,23.000000,1014.000000,14,50
 Denver,05/03/2020:03:15:49,clear sky,59.970000,41.000000,1014.000000,9,270
 Indianapolis,05/03/2020:04:15:42,scattered clouds,59.540000,82.000000,1016.000000,6,300
 Atlanta,05/03/2020:04:15:14,clear sky,63.640000,77.000000,1020.000000,5,213
 Los Angeles,05/03/2020:04:16:02,clear sky,65.030000,56.000000,1016.000000,4,260
 Boston,05/03/2020:04:15:42,broken clouds,56.800000,50.000000,1011.000000,6,210
 Miami,05/03/2020:04:15:14,broken clouds,75.020000,60.000000,1021.000000,5,40
 New York,05/03/2020:04:15:49,overcast clouds,64.980000,42.000000,1013.000000,5,40
 Seattle,05/03/2020:04:16:09,light rain,50.310000,62.000000,1015.000000,16,190
 San Francisco,05/03/2020:04:16:02,overcast clouds,57.450000,93.000000,1021.000000,16,280
 Austin,05/03/2020:04:15:36,clear sky,73.670000,69.000000,1016.000000,9,170
 Chicago,05/03/2020:04:15:42,broken clouds,66.420000,48.000000,1012.000000,10,250
 Fairbanks,05/03/2020:04:16:09,clear sky,45.860000,21.000000,1013.000000,17,40
 Denver,05/03/2020:04:15:38,clear sky,57.070000,47.000000,1015.000000,5,270
 Indianapolis,05/03/2020:05:15:46,scattered clouds,56.590000,87.000000,1016.000000,5,280
 Atlanta,05/03/2020:05:15:22,clear sky,61.300000,87.000000,1020.000000,4,218
 Los Angeles,05/03/2020:05:16:10,clear sky,63.990000,60.000000,1016.000000,3,218
 Boston,05/03/2020:05:15:51,overcast clouds,56.610000,47.000000,1011.000000,6,230
 Miami,05/03/2020:05:15:22,broken clouds,74.680000,60.000000,1020.000000,4,30
 New York,05/03/2020:05:16:00,overcast clouds,64.270000,45.000000,1013.000000,11,270
 Seattle,05/03/2020:05:16:19,broken clouds,48.610000,66.000000,1016.000000,12,180
 San Francisco,05/03/2020:05:16:14,overcast clouds,56.950000,87.000000,1021.000000,9,260
 Austin,05/03/2020:05:15:41,broken clouds,72.450000,78.000000,1016.000000,8,170
 Chicago,05/03/2020:05:15:47,broken clouds,65.460000,52.000000,1012.000000,10,250
 Fairbanks,05/03/2020:05:16:23,clear sky,43.650000,21.000000,1013.000000,16,40
 Denver,05/03/2020:05:15:46,clear sky,54.820000,58.000000,1015.000000,4,290
 Indianapolis,05/03/2020:06:15:52,scattered clouds,55.080000,76.000000,1015.000000,9,340
 Atlanta,05/03/2020:06:15:31,clear sky,60.690000,87.000000,1019.000000,5,218
 Los Angeles,05/03/2020:06:16:20,clear sky,62.740000,63.000000,1017.000000,6,137
 Boston,05/03/2020:06:15:58,overcast clouds,57.040000,47.000000,1011.000000,8,230
 Miami,05/03/2020:06:15:25,scattered clouds,73.920000,64.000000,1020.000000,4,50
 New York,05/03/2020:06:16:08,overcast clouds,63.570000,48.000000,1012.000000,5,270
 Seattle,05/03/2020:06:16:27,clear sky,47.610000,81.000000,1017.000000,9,170
 San Francisco,05/03/2020:06:16:20,broken clouds,55.690000,87.000000,1022.000000,13,270
 Austin,05/03/2020:06:15:45,broken clouds,71.620000,78.000000,1016.000000,10,170
 Chicago,05/03/2020:06:15:53,overcast clouds,65.250000,52.000000,1012.000000,9,250
 Fairbanks,05/03/2020:06:16:27,clear sky,41.090000,24.000000,1014.000000,10,40
 Denver,05/03/2020:06:15:52,clear sky,54.500000,58.000000,1015.000000,4,300
 Indianapolis,05/03/2020:07:15:49,broken clouds,55.080000,76.000000,1015.000000,8,340
 Atlanta,05/03/2020:07:15:23,clear sky,59.270000,93.000000,1019.000000,5,225
 Los Angeles,05/03/2020:07:16:12,clear sky,63.030000,63.000000,1017.000000,4,141
 Boston,05/03/2020:07:15:50,overcast clouds,56.610000,44.000000,1011.000000,11,260
 Miami,05/03/2020:07:15:22,few clouds,73.940000,64.000000,1019.000000,4,50
 New York,05/03/2020:07:16:00,overcast clouds,62.290000,48.000000,1011.000000,4,240
 Seattle,05/03/2020:07:16:18,scattered clouds,47.120000,76.000000,1017.000000,11,190
 San Francisco,05/03/2020:07:16:12,scattered clouds,54.730000,76.000000,1022.000000,14,250
 Austin,05/03/2020:07:15:43,overcast clouds,71.490000,73.000000,1015.000000,13,189
 Chicago,05/03/2020:07:15:49,broken clouds,64.440000,52.000000,1012.000000,8,260
 Fairbanks,05/03/2020:07:16:21,clear sky,39.920000,30.000000,1014.000000,9,50
 Denver,05/03/2020:07:11:01,clear sky,52.390000,58.000000,1015.000000,4,300
 Indianapolis,05/03/2020:08:15:47,broken clouds,56.390000,71.000000,1015.000000,6,350
 Atlanta,05/03/2020:08:15:18,clear sky,57.580000,93.000000,1019.000000,4,232
 Los Angeles,05/03/2020:08:16:07,clear sky,62.350000,63.000000,1017.000000,4,148
 Boston,05/03/2020:08:15:49,overcast clouds,56.430000,50.000000,1009.000000,3,180
 Miami,05/03/2020:08:15:18,few clouds,73.380000,64.000000,1019.000000,3,40
 New York,05/03/2020:08:15:56,overcast clouds,60.420000,55.000000,1011.000000,5,280
 Seattle,05/03/2020:08:16:14,broken clouds,46.560000,70.000000,1018.000000,6,190
 San Francisco,05/03/2020:08:16:08,few clouds,54.390000,71.000000,1021.000000,16,270
 Austin,05/03/2020:08:15:40,overcast clouds,71.550000,73.000000,1015.000000,14,190
 Chicago,05/03/2020:08:15:48,few clouds,62.400000,48.000000,1012.000000,8,280
 Fairbanks,05/03/2020:08:16:14,clear sky,37.270000,32.000000,1014.000000,10,40
 Denver,05/03/2020:08:15:43,clear sky,47.770000,75.000000,1015.000000,5,347
 Indianapolis,05/03/2020:09:15:48,overcast clouds,54.990000,71.000000,1015.000000,8,350
 Atlanta,05/03/2020:09:15:25,clear sky,56.880000,87.000000,1019.000000,4,230
 Los Angeles,05/03/2020:09:16:16,clear sky,61.390000,68.000000,1017.000000,3,157
 Boston,05/03/2020:09:15:53,overcast clouds,55.740000,66.000000,1009.000000,3,140
 Miami,05/03/2020:09:15:24,scattered clouds,70.680000,73.000000,1019.000000,10,79
 New York,05/03/2020:09:16:01,light rain,56.280000,76.000000,1011.000000,6,240
 Seattle,05/03/2020:09:16:24,light rain,46.600000,76.000000,1019.000000,13,180
 San Francisco,05/03/2020:09:16:16,few clouds,53.400000,81.000000,1021.000000,14,270
 Austin,05/03/2020:09:15:42,overcast clouds,71.350000,73.000000,1015.000000,6,270
 Chicago,05/03/2020:09:15:52,few clouds,60.080000,48.000000,1012.000000,6,300
 Fairbanks,05/03/2020:09:16:24,clear sky,36.540000,32.000000,1014.000000,10,50
 Denver,05/03/2020:09:15:48,clear sky,45.280000,81.000000,1015.000000,5,351
 Indianapolis,05/03/2020:10:15:53,overcast clouds,55.310000,71.000000,1016.000000,6,360
 Atlanta,05/03/2020:10:15:23,clear sky,56.620000,93.000000,1019.000000,6,232
 Los Angeles,05/03/2020:10:16:16,clear sky,61.410000,68.000000,1016.000000,3,160
 Boston,05/03/2020:10:15:53,overcast clouds,56.010000,66.000000,1009.000000,6,198
 Miami,05/03/2020:10:15:22,few clouds,70.270000,73.000000,1019.000000,10,76
 New York,05/03/2020:10:16:07,light rain,54.770000,76.000000,1011.000000,13,195
 Seattle,05/03/2020:10:16:29,light rain,45.730000,81.000000,1020.000000,11,180
 San Francisco,05/03/2020:10:16:16,few clouds,51.820000,81.000000,1021.000000,12,260
 Austin,05/03/2020:10:15:45,broken clouds,70.500000,83.000000,1014.000000,3,203
 Chicago,05/03/2020:10:15:53,clear sky,58.330000,50.000000,1012.000000,6,310
 Fairbanks,05/03/2020:10:16:29,clear sky,35.600000,35.000000,1014.000000,10,50
 Denver,05/03/2020:10:15:53,clear sky,41.630000,86.000000,1016.000000,3,336
 Indianapolis,05/03/2020:11:15:45,overcast clouds,54.180000,76.000000,1016.000000,4,360
 Atlanta,05/03/2020:11:15:16,clear sky,56.620000,93.000000,1020.000000,6,243
 Los Angeles,05/03/2020:11:16:08,clear sky,60.370000,72.000000,1016.000000,3,162
 Boston,05/03/2020:11:15:46,broken clouds,57.690000,66.000000,1009.000000,8,190
 Miami,05/03/2020:11:15:15,scattered clouds,71.370000,73.000000,1019.000000,3,10
 New York,05/03/2020:11:15:58,light rain,55.040000,82.000000,1011.000000,3,250
 Seattle,05/03/2020:11:16:20,light rain,44.690000,75.000000,1020.000000,11,170
 San Francisco,05/03/2020:11:16:08,few clouds,51.120000,81.000000,1021.000000,11,270
 Austin,05/03/2020:11:15:38,few clouds,69.300000,78.000000,1015.000000,3,270
 Chicago,05/03/2020:11:15:46,few clouds,57.630000,50.000000,1013.000000,8,320
 Fairbanks,05/03/2020:11:16:21,clear sky,34.810000,35.000000,1014.000000,8,50
 Denver,05/03/2020:11:15:45,clear sky,43.610000,81.000000,1016.000000,3,310
 Indianapolis,05/03/2020:12:15:37,overcast clouds,53.800000,76.000000,1016.000000,3,20
 Atlanta,05/03/2020:12:15:15,clear sky,59.310000,82.000000,1020.000000,6,253
 Los Angeles,05/03/2020:12:16:05,clear sky,60.260000,72.000000,1016.000000,2,180
 Boston,05/03/2020:12:15:44,broken clouds,60.220000,55.000000,1009.000000,10,180
 Miami,05/03/2020:12:15:15,broken clouds,74.340000,64.000000,1020.000000,3,360
 New York,05/03/2020:12:15:54,light rain,55.780000,87.000000,1011.000000,6,240
 Seattle,05/03/2020:12:16:14,broken clouds,44.150000,81.000000,1021.000000,10,170
 San Francisco,05/03/2020:12:16:05,scattered clouds,49.950000,81.000000,1021.000000,11,280
 Austin,05/03/2020:12:15:35,broken clouds,68.950000,88.000000,1015.000000,5,180
 Chicago,05/03/2020:12:15:44,few clouds,59.490000,44.000000,1014.000000,10,330
 Fairbanks,05/03/2020:12:16:14,clear sky,33.440000,37.000000,1014.000000,9,50
 Denver,05/03/2020:12:15:37,clear sky,46.150000,81.000000,1016.000000,3,312
 Indianapolis,05/03/2020:13:15:51,overcast clouds,56.070000,76.000000,1017.000000,4,10
 Atlanta,05/03/2020:13:15:21,clear sky,63.790000,72.000000,1020.000000,3,220
 Los Angeles,05/03/2020:13:16:14,clear sky,59.740000,72.000000,1017.000000,2,164
 Boston,05/03/2020:13:15:52,broken clouds,63.370000,48.000000,1008.000000,17,200
 Miami,05/03/2020:13:15:21,broken clouds,78.620000,54.000000,1020.000000,8,70
 New York,05/03/2020:13:16:03,clear sky,57.600000,82.000000,1011.000000,5,250
 Seattle,05/03/2020:13:16:27,light rain,44.370000,75.000000,1022.000000,10,170
 San Francisco,05/03/2020:13:16:14,scattered clouds,49.280000,87.000000,1021.000000,10,260
 Austin,05/03/2020:13:15:43,overcast clouds,70.680000,78.000000,1016.000000,3,260
 Chicago,05/03/2020:13:15:51,few clouds,62.910000,36.000000,1014.000000,8,340
 Fairbanks,05/03/2020:13:16:27,clear sky,32.610000,43.000000,1014.000000,6,50
 Denver,05/03/2020:13:15:51,clear sky,51.620000,66.000000,1017.000000,2,319
 Indianapolis,05/03/2020:14:15:43,overcast clouds,59.410000,63.000000,1017.000000,3,40
 Atlanta,05/03/2020:14:15:21,clear sky,70.000000,56.000000,1020.000000,6,260
 Los Angeles,05/03/2020:14:16:09,clear sky,60.510000,72.000000,1017.000000,2,181
 Boston,05/03/2020:14:15:45,broken clouds,65.140000,48.000000,1007.000000,18,220
 Miami,05/03/2020:14:15:15,broken clouds,79.540000,57.000000,1020.000000,5,80
 New York,05/03/2020:14:15:54,clear sky,61.110000,77.000000,1010.000000,6,260
 Seattle,05/03/2020:14:16:18,light rain,44.730000,81.000000,1022.000000,12,170
 San Francisco,05/03/2020:14:16:10,few clouds,50.410000,76.000000,1021.000000,5,260
 Austin,05/03/2020:14:15:37,overcast clouds,72.790000,73.000000,1016.000000,4,260
 Chicago,05/03/2020:14:15:43,few clouds,65.550000,34.000000,1015.000000,10,360
 Fairbanks,05/03/2020:14:16:19,clear sky,34.320000,47.000000,1014.000000,5,60
 Denver,05/03/2020:14:15:43,clear sky,57.700000,47.000000,1017.000000,3,340
 Indianapolis,05/03/2020:15:15:51,overcast clouds,60.260000,72.000000,1018.000000,6,240
 Atlanta,05/03/2020:15:15:22,clear sky,74.160000,50.000000,1020.000000,9,300
 Los Angeles,05/03/2020:15:16:16,broken clouds,62.910000,68.000000,1017.000000,3,211
 Boston,05/03/2020:15:15:52,broken clouds,66.420000,52.000000,1006.000000,19,210
 Miami,05/03/2020:15:15:21,broken clouds,82.690000,48.000000,1020.000000,12,80
 New York,05/03/2020:15:16:01,clear sky,64.850000,72.000000,1009.000000,6,260
 Seattle,05/03/2020:15:16:24,overcast clouds,45.720000,75.000000,1024.000000,12,170
 San Francisco,05/03/2020:15:16:16,few clouds,52.920000,66.000000,1022.000000,4,270
 Austin,05/03/2020:15:15:41,few clouds,75.810000,65.000000,1016.000000,9,200
 Chicago,05/03/2020:15:15:51,broken clouds,66.670000,29.000000,1015.000000,11,20
 Fairbanks,05/03/2020:15:16:24,clear sky,34.430000,43.000000,1014.000000,8,50
 Denver,05/03/2020:15:15:47,clear sky,66.070000,34.000000,1016.000000,4,210
 Indianapolis,05/03/2020:16:15:51,overcast clouds,59.770000,67.000000,1018.000000,4,240
 Atlanta,05/03/2020:16:15:28,clear sky,77.250000,44.000000,1019.000000,8,270
 Los Angeles,05/03/2020:16:16:15,scattered clouds,65.170000,72.000000,1018.000000,4,220
 Boston,05/03/2020:16:15:52,scattered clouds,66.450000,56.000000,1005.000000,13,200
 Miami,05/03/2020:16:15:24,broken clouds,82.810000,51.000000,1020.000000,9,80
 New York,05/03/2020:16:16:01,clear sky,67.890000,68.000000,1009.000000,6,260
 Seattle,05/03/2020:16:16:25,light rain,46.710000,75.000000,1024.000000,14,180
 San Francisco,05/03/2020:16:16:15,few clouds,55.380000,58.000000,1022.000000,4,290
 Austin,05/03/2020:16:15:43,clear sky,79.230000,57.000000,1016.000000,9,200
 Chicago,05/03/2020:16:15:51,broken clouds,67.570000,26.000000,1014.000000,13,350
 Fairbanks,05/03/2020:16:16:26,clear sky,37.350000,37.000000,1013.000000,11,50
 Denver,05/03/2020:16:15:51,clear sky,68.770000,26.000000,1016.000000,5,250
 Indianapolis,05/03/2020:17:15:50,overcast clouds,62.670000,42.000000,1018.000000,8,160
 Atlanta,05/03/2020:17:15:27,clear sky,79.970000,39.000000,1018.000000,10,230
 Los Angeles,05/03/2020:17:16:14,scattered clouds,68.000000,60.000000,1017.000000,3,230
 Boston,05/03/2020:17:15:55,few clouds,70.500000,49.000000,1004.000000,17,220
 Miami,05/03/2020:17:15:24,broken clouds,83.120000,51.000000,1019.000000,4,80
 New York,05/03/2020:17:16:05,clear sky,71.600000,60.000000,1007.000000,5,250
 Seattle,05/03/2020:17:16:23,light rain,49.100000,70.000000,1024.000000,17,180
 San Francisco,05/03/2020:17:16:14,few clouds,58.770000,55.000000,1022.000000,8,300
 Austin,05/03/2020:17:15:47,clear sky,83.300000,51.000000,1015.000000,6,300
 Chicago,05/03/2020:17:15:51,broken clouds,68.340000,28.000000,1014.000000,4,10
 Fairbanks,05/03/2020:17:16:23,clear sky,39.920000,35.000000,1013.000000,12,50
 Denver,05/03/2020:17:11:24,clear sky,71.200000,26.000000,1016.000000,5,250
 Indianapolis,05/03/2020:18:14:42,clear sky,67.210000,24.000000,1017.000000,3,90
 Atlanta,05/03/2020:18:18:44,clear sky,82.220000,36.000000,1017.000000,10,230
 Los Angeles,05/03/2020:18:16:50,clear sky,71.150000,53.000000,1017.000000,7,240
 Boston,05/03/2020:18:19:17,scattered clouds,70.920000,49.000000,1004.000000,9,230
 Miami,05/03/2020:18:18:43,broken clouds,82.400000,48.000000,1019.000000,6,90
 New York,05/03/2020:18:16:42,clear sky,74.430000,53.000000,1006.000000,9,270
 Seattle,05/03/2020:18:16:57,broken clouds,51.710000,66.000000,1025.000000,11,170
 San Francisco,05/03/2020:18:16:51,few clouds,59.790000,55.000000,1022.000000,14,290
 Austin,05/03/2020:18:19:04,clear sky,85.440000,48.000000,1015.000000,8,190
 Chicago,05/03/2020:18:19:13,broken clouds,68.490000,32.000000,1014.000000,10,100
 Fairbanks,05/03/2020:18:16:57,clear sky,41.810000,32.000000,1013.000000,12,50
 Denver,05/03/2020:18:14:38,clear sky,74.100000,22.000000,1015.000000,8,270
 Indianapolis,05/03/2020:19:16:20,clear sky,71.490000,22.000000,1016.000000,4,180
 Atlanta,05/03/2020:19:15:52,clear sky,83.230000,32.000000,1016.000000,11,220
 Los Angeles,05/03/2020:19:16:41,clear sky,72.410000,53.000000,1017.000000,8,230
 Boston,05/03/2020:19:16:21,broken clouds,75.200000,44.000000,1003.000000,11,270
 Miami,05/03/2020:19:15:52,broken clouds,82.540000,51.000000,1018.000000,10,110
 New York,05/03/2020:19:16:33,few clouds,77.900000,44.000000,1006.000000,8,260
 Seattle,05/03/2020:19:16:51,broken clouds,54.320000,58.000000,1025.000000,14,190
 San Francisco,05/03/2020:19:16:41,few clouds,60.890000,48.000000,1022.000000,16,270
 Austin,05/03/2020:19:16:13,clear sky,87.780000,46.000000,1014.000000,9,180
 Chicago,05/03/2020:19:16:20,broken clouds,68.160000,26.000000,1014.000000,3,190
 Fairbanks,05/03/2020:19:16:51,clear sky,43.790000,28.000000,1013.000000,17,70
 Denver,05/03/2020:19:16:20,clear sky,76.370000,19.000000,1015.000000,11,310
 Indianapolis,05/03/2020:20:16:28,clear sky,73.900000,32.000000,1016.000000,10,350
 Atlanta,05/03/2020:20:16:00,clear sky,84.020000,30.000000,1015.000000,10,220
 Los Angeles,05/03/2020:20:16:59,clear sky,74.530000,53.000000,1017.000000,10,234
 Boston,05/03/2020:20:16:32,scattered clouds,76.100000,33.000000,1002.000000,11,260
 Miami,05/03/2020:20:15:58,broken clouds,82.830000,51.000000,1018.000000,10,120
 New York,05/03/2020:20:16:45,few clouds,79.200000,36.000000,1005.000000,10,250
 Seattle,05/03/2020:20:17:04,broken clouds,55.690000,58.000000,1025.000000,11,210
 San Francisco,05/03/2020:20:17:00,few clouds,61.720000,55.000000,1023.000000,23,270
 Austin,05/03/2020:20:16:21,few clouds,90.120000,49.000000,1013.000000,14,180
 Chicago,05/03/2020:20:16:29,broken clouds,68.950000,32.000000,1013.000000,9,290
 Fairbanks,05/03/2020:20:17:04,clear sky,46.240000,24.000000,1013.000000,14,60
 Denver,05/03/2020:20:16:28,broken clouds,75.670000,32.000000,1014.000000,13,310
 Indianapolis,05/03/2020:21:16:21,clear sky,74.800000,33.000000,1015.000000,8,20
 Atlanta,05/03/2020:21:15:58,clear sky,83.980000,30.000000,1015.000000,10,210
 Los Angeles,05/03/2020:21:16:44,clear sky,74.880000,50.000000,1016.000000,3,210
 Boston,05/03/2020:21:16:24,scattered clouds,76.410000,29.000000,1002.000000,9,290
 Miami,05/03/2020:21:15:55,broken clouds,82.110000,51.000000,1017.000000,9,70
 New York,05/03/2020:21:16:37,clear sky,80.150000,31.000000,1005.000000,5,290
 Seattle,05/03/2020:21:16:52,light rain,56.170000,50.000000,1025.000000,14,220
 San Francisco,05/03/2020:21:16:44,few clouds,62.850000,45.000000,1022.000000,23,270
 Austin,05/03/2020:21:16:14,clear sky,91.000000,44.000000,1012.000000,9,170
 Chicago,05/03/2020:21:16:24,broken clouds,72.100000,24.000000,1012.000000,6,300
 Fairbanks,05/03/2020:21:16:57,clear sky,46.580000,24.000000,1013.000000,18,60
 Denver,05/03/2020:21:16:20,few clouds,77.970000,15.000000,1013.000000,9,310
 Indianapolis,05/03/2020:22:16:13,clear sky,75.790000,36.000000,1015.000000,6,10
 Atlanta,05/03/2020:22:15:47,clear sky,83.370000,30.000000,1014.000000,9,220
 Los Angeles,05/03/2020:22:16:36,clear sky,74.250000,50.000000,1016.000000,3,220
 Boston,05/03/2020:22:16:17,few clouds,77.520000,21.000000,1002.000000,11,270
 Miami,05/03/2020:22:15:47,scattered clouds,81.000000,54.000000,1017.000000,6,80
 New York,05/03/2020:22:16:27,few clouds,79.750000,28.000000,1004.000000,12,260
 Seattle,05/03/2020:22:16:46,broken clouds,57.040000,50.000000,1025.000000,9,210
 San Francisco,05/03/2020:22:16:36,few clouds,63.610000,51.000000,1022.000000,23,270
 Austin,05/03/2020:22:16:03,clear sky,91.380000,44.000000,1012.000000,13,178
 Chicago,05/03/2020:22:16:13,few clouds,72.090000,23.000000,1012.000000,14,290
 Fairbanks,05/03/2020:22:16:47,clear sky,49.030000,23.000000,1013.000000,13,40
 Denver,05/03/2020:22:16:13,few clouds,75.130000,19.000000,1013.000000,13,320
 Indianapolis,05/03/2020:23:15:52,clear sky,75.790000,41.000000,1015.000000,5,290
 Atlanta,05/03/2020:23:15:24,clear sky,82.200000,30.000000,1014.000000,11,220
 Los Angeles,05/03/2020:23:16:18,clear sky,73.890000,50.000000,1016.000000,3,220
 Boston,05/03/2020:23:15:53,broken clouds,73.920000,22.000000,1002.000000,10,280
 Miami,05/03/2020:23:15:24,few clouds,79.610000,54.000000,1017.000000,10,90
 New York,05/03/2020:23:16:03,scattered clouds,78.150000,27.000000,1003.000000,10,250
 Seattle,05/03/2020:23:16:27,broken clouds,55.830000,54.000000,1025.000000,12,230
 San Francisco,05/03/2020:23:16:18,few clouds,62.420000,51.000000,1021.000000,24,260
 Austin,05/03/2020:23:15:43,few clouds,90.790000,43.000000,1010.000000,17,140
 Chicago,05/03/2020:23:15:52,few clouds,72.320000,23.000000,1012.000000,13,300
 Fairbanks,05/03/2020:23:16:27,clear sky,48.450000,23.000000,1012.000000,16,50
 Denver,05/03/2020:23:15:48,few clouds,76.350000,19.000000,1013.000000,12,330
 Indianapolis,05/04/2020:00:15:53,clear sky,74.460000,50.000000,1014.000000,3,248
 Atlanta,05/04/2020:00:15:28,clear sky,79.540000,32.000000,1015.000000,8,250
 Los Angeles,05/04/2020:00:16:15,clear sky,73.580000,49.000000,1016.000000,6,260
 Boston,05/04/2020:00:15:54,few clouds,69.460000,25.000000,1002.000000,8,280
 Miami,05/04/2020:00:15:23,few clouds,76.770000,61.000000,1017.000000,8,80
 New York,05/04/2020:00:16:07,clear sky,75.240000,46.000000,1004.000000,5,250
 Seattle,05/04/2020:00:16:24,scattered clouds,56.640000,47.000000,1025.000000,10,190
 San Francisco,05/04/2020:00:16:16,few clouds,62.310000,55.000000,1022.000000,19,270
 Austin,05/04/2020:00:15:45,clear sky,89.530000,41.000000,1011.000000,9,160
 Chicago,05/04/2020:00:15:54,few clouds,71.420000,24.000000,1012.000000,13,280
 Fairbanks,05/04/2020:00:16:28,clear sky,48.650000,25.000000,1012.000000,14,80
 Denver,05/04/2020:00:15:53,clear sky,73.800000,49.000000,1013.000000,14,340
 Indianapolis,05/04/2020:01:15:45,clear sky,72.540000,23.000000,1015.000000,8,260
 Atlanta,05/04/2020:01:15:24,scattered clouds,77.760000,39.000000,1016.000000,8,280
 Los Angeles,05/04/2020:01:16:09,clear sky,71.200000,49.000000,1015.000000,4,280
 Boston,05/04/2020:01:15:49,few clouds,66.290000,52.000000,1003.000000,8,190
 Miami,05/04/2020:01:15:24,few clouds,76.330000,61.000000,1017.000000,11,80
 New York,05/04/2020:01:16:00,clear sky,73.330000,46.000000,1004.000000,5,270
 Seattle,05/04/2020:01:16:19,light rain,54.680000,50.000000,1025.000000,10,210
 San Francisco,05/04/2020:01:16:09,few clouds,60.440000,51.000000,1021.000000,18,270
 Austin,05/04/2020:01:15:40,clear sky,85.620000,45.000000,1011.000000,10,160
 Chicago,05/04/2020:01:15:48,few clouds,69.570000,22.000000,1012.000000,11,310
 Fairbanks,05/04/2020:01:16:19,clear sky,48.880000,25.000000,1012.000000,17,40
 Denver,05/04/2020:01:11:00,clear sky,71.490000,57.000000,1013.000000,14,340
 Indianapolis,05/04/2020:02:15:45,clear sky,65.950000,32.000000,1015.000000,5,220
 Atlanta,05/04/2020:02:15:25,clear sky,75.760000,41.000000,1015.000000,5,220
 Los Angeles,05/04/2020:02:16:06,clear sky,68.340000,53.000000,1015.000000,5,250
 Boston,05/04/2020:02:15:50,few clouds,62.280000,52.000000,1003.000000,8,190
 Miami,05/04/2020:02:15:18,few clouds,75.670000,61.000000,1017.000000,11,80
 New York,05/04/2020:02:15:57,clear sky,71.730000,43.000000,1005.000000,6,270
 Seattle,05/04/2020:02:16:18,light rain,52.700000,50.000000,1025.000000,4,270
 San Francisco,05/04/2020:02:16:10,few clouds,60.400000,58.000000,1021.000000,14,270
 Austin,05/04/2020:02:15:40,few clouds,81.860000,65.000000,1011.000000,12,160
 Chicago,05/04/2020:02:15:45,few clouds,57.180000,22.000000,1012.000000,11,310
 Fairbanks,05/04/2020:02:16:18,clear sky,48.880000,27.000000,1012.000000,18,40
 Denver,05/04/2020:02:15:45,clear sky,65.800000,29.000000,1014.000000,11,10
 Indianapolis,05/04/2020:03:15:43,clear sky,63.100000,36.000000,1015.000000,6,220
 Atlanta,05/04/2020:03:15:19,clear sky,73.470000,46.000000,1015.000000,4,270
 Los Angeles,05/04/2020:03:16:08,clear sky,66.760000,56.000000,1015.000000,3,250
 Boston,05/04/2020:03:15:46,few clouds,61.120000,67.000000,1002.000000,5,190
 Miami,05/04/2020:03:15:18,few clouds,75.290000,64.000000,1018.000000,11,90
 New York,05/04/2020:03:15:57,clear sky,70.200000,49.000000,1004.000000,6,270
 Seattle,05/04/2020:03:16:17,light rain,51.550000,54.000000,1025.000000,3,289
 San Francisco,05/04/2020:03:16:09,few clouds,57.490000,66.000000,1021.000000,19,270
 Austin,05/04/2020:03:15:37,clear sky,78.930000,61.000000,1012.000000,5,170
 Chicago,05/04/2020:03:15:46,broken clouds,48.340000,53.000000,1016.000000,19,20
 Fairbanks,05/04/2020:03:16:20,clear sky,47.340000,27.000000,1012.000000,16,40
 Denver,05/04/2020:03:15:43,clear sky,62.550000,36.000000,1016.000000,5,360
 Indianapolis,05/04/2020:04:15:45,clear sky,61.050000,48.000000,1016.000000,4,230
 Atlanta,05/04/2020:04:15:21,clear sky,71.980000,46.000000,1012.000000,8,200
 Los Angeles,05/04/2020:04:16:08,clear sky,63.840000,59.000000,1016.000000,3,165
 Boston,05/04/2020:04:15:49,overcast clouds,60.570000,59.000000,1002.000000,12,220
 Miami,05/04/2020:04:15:20,few clouds,75.150000,69.000000,1018.000000,6,100
 New York,05/04/2020:04:15:59,clear sky,68.940000,60.000000,1004.000000,4,260
 Seattle,05/04/2020:04:16:19,scattered clouds,49.280000,61.000000,1025.000000,5,170
 San Francisco,05/04/2020:04:16:14,few clouds,53.740000,66.000000,1021.000000,23,260
 Austin,05/04/2020:04:15:40,few clouds,76.170000,73.000000,1013.000000,13,170
 Chicago,05/04/2020:04:15:46,broken clouds,47.950000,54.000000,1016.000000,16,20
 Fairbanks,05/04/2020:04:16:20,clear sky,46.290000,27.000000,1011.000000,16,40
 Denver,05/04/2020:04:15:45,clear sky,59.650000,41.000000,1016.000000,8,20
 Indianapolis,05/04/2020:05:15:45,clear sky,61.480000,45.000000,1016.000000,4,250
 Atlanta,05/04/2020:05:15:26,clear sky,69.980000,56.000000,1014.000000,8,248
 Los Angeles,05/04/2020:05:16:07,clear sky,63.000000,63.000000,1016.000000,4,250
 Boston,05/04/2020:05:15:49,overcast clouds,60.820000,63.000000,1002.000000,5,230
 Miami,05/04/2020:05:15:20,few clouds,74.800000,73.000000,1017.000000,4,120
 New York,05/04/2020:05:15:58,overcast clouds,68.680000,68.000000,1004.000000,6,190
 Seattle,05/04/2020:05:16:16,scattered clouds,47.620000,66.000000,1026.000000,4,120
 San Francisco,05/04/2020:05:16:11,clear sky,52.650000,71.000000,1021.000000,13,280
 Austin,05/04/2020:05:15:40,clear sky,73.690000,73.000000,1013.000000,9,170
 Chicago,05/04/2020:05:15:48,broken clouds,47.660000,46.000000,1017.000000,14,10
 Fairbanks,05/04/2020:05:16:19,clear sky,45.120000,27.000000,1011.000000,16,50
 Denver,05/04/2020:05:15:45,clear sky,57.700000,61.000000,1017.000000,10,30
 Indianapolis,05/04/2020:06:15:54,clear sky,58.690000,48.000000,1017.000000,6,250
 Atlanta,05/04/2020:06:15:33,clear sky,68.790000,56.000000,1015.000000,9,253
 Los Angeles,05/04/2020:06:16:17,clear sky,61.860000,72.000000,1016.000000,4,134
 Boston,05/04/2020:06:15:58,overcast clouds,60.400000,67.000000,1001.000000,3,140
 Miami,05/04/2020:06:15:32,few clouds,73.510000,73.000000,1017.000000,7,120
 New York,05/04/2020:06:16:10,broken clouds,68.340000,72.000000,1003.000000,4,120
 Seattle,05/04/2020:06:16:25,clear sky,46.400000,70.000000,1025.000000,4,120
 San Francisco,05/04/2020:06:16:17,clear sky,51.800000,71.000000,1021.000000,14,280
 Austin,05/04/2020:06:15:50,overcast clouds,72.640000,78.000000,1013.000000,8,190
 Chicago,05/04/2020:06:15:55,broken clouds,46.920000,56.000000,1018.000000,16,30
 Fairbanks,05/04/2020:06:16:26,clear sky,42.750000,29.000000,1011.000000,9,40
 Denver,05/04/2020:06:15:54,clear sky,53.850000,64.000000,1017.000000,9,40
 Indianapolis,05/04/2020:07:15:52,clear sky,58.890000,39.000000,1017.000000,5,10
 Atlanta,05/04/2020:07:15:27,clear sky,67.210000,63.000000,1015.000000,3,320
 Los Angeles,05/04/2020:07:16:17,clear sky,62.470000,72.000000,1016.000000,3,135
 Boston,05/04/2020:07:15:53,overcast clouds,60.220000,67.000000,1001.000000,6,240
 Miami,05/04/2020:07:15:21,few clouds,73.540000,73.000000,1016.000000,7,125
 New York,05/04/2020:07:16:06,overcast clouds,67.100000,52.000000,1003.000000,5,50
 Seattle,05/04/2020:07:16:26,clear sky,44.800000,75.000000,1026.000000,3,140
 San Francisco,05/04/2020:07:16:17,clear sky,51.100000,71.000000,1021.000000,12,290
 Austin,05/04/2020:07:15:43,overcast clouds,72.450000,78.000000,1013.000000,9,180
 Chicago,05/04/2020:07:15:52,clear sky,46.080000,61.000000,1020.000000,11,18
 Fairbanks,05/04/2020:07:16:26,clear sky,41.160000,33.000000,1011.000000,13,50
 Denver,05/04/2020:07:15:52,clear sky,50.650000,68.000000,1017.000000,9,60
 Indianapolis,05/04/2020:08:15:39,clear sky,54.340000,50.000000,1017.000000,9,50
 Atlanta,05/04/2020:08:15:17,clear sky,65.800000,60.000000,1014.000000,7,285
 Los Angeles,05/04/2020:08:16:01,clear sky,62.080000,72.000000,1016.000000,2,164
 Boston,05/04/2020:08:15:41,overcast clouds,59.740000,48.000000,1001.000000,5,300
 Miami,05/04/2020:08:15:12,clear sky,71.220000,73.000000,1016.000000,6,123
 New York,05/04/2020:08:15:51,clear sky,65.570000,52.000000,1003.000000,8,60
 Seattle,05/04/2020:08:16:13,clear sky,43.660000,75.000000,1025.000000,4,140
 San Francisco,05/04/2020:08:16:02,clear sky,50.400000,76.000000,1022.000000,14,270
 Austin,05/04/2020:08:15:31,overcast clouds,71.760000,78.000000,1012.000000,4,270
 Chicago,05/04/2020:08:15:39,few clouds,45.000000,52.000000,1018.000000,13,30
 Fairbanks,05/04/2020:08:16:13,clear sky,40.440000,35.000000,1011.000000,11,50
 Denver,05/04/2020:08:15:39,clear sky,47.770000,52.000000,1018.000000,4,20
 Indianapolis,05/04/2020:09:15:47,clear sky,54.280000,54.000000,1017.000000,6,60
 Atlanta,05/04/2020:09:15:22,clear sky,64.130000,72.000000,1015.000000,7,283
 Los Angeles,05/04/2020:09:16:12,clear sky,60.870000,68.000000,1016.000000,2,155
 Boston,05/04/2020:09:15:48,overcast clouds,59.290000,62.000000,1002.000000,4,200
 Miami,05/04/2020:09:15:17,few clouds,70.360000,83.000000,1016.000000,6,120
 New York,05/04/2020:09:16:01,overcast clouds,63.700000,51.000000,1004.000000,8,70
 Seattle,05/04/2020:09:16:20,clear sky,42.530000,81.000000,1025.000000,1,145
 San Francisco,05/04/2020:09:16:12,clear sky,49.690000,71.000000,1021.000000,19,270
 Austin,05/04/2020:09:15:38,overcast clouds,71.710000,78.000000,1012.000000,10,200
 Chicago,05/04/2020:09:15:48,clear sky,43.250000,56.000000,1019.000000,16,30
 Fairbanks,05/04/2020:09:16:20,clear sky,38.910000,38.000000,1011.000000,10,60
 Denver,05/04/2020:09:15:47,clear sky,45.540000,66.000000,1018.000000,6,40
 Indianapolis,05/04/2020:10:15:53,clear sky,53.330000,57.000000,1017.000000,8,70
 Atlanta,05/04/2020:10:15:30,clear sky,62.040000,77.000000,1015.000000,6,284
 Los Angeles,05/04/2020:10:16:14,clear sky,60.150000,72.000000,1016.000000,1,187
 Boston,05/04/2020:10:15:54,light rain,59.000000,62.000000,1002.000000,9,320
 Miami,05/04/2020:10:15:22,few clouds,69.960000,83.000000,1016.000000,3,340
 New York,05/04/2020:10:16:04,overcast clouds,62.830000,55.000000,1004.000000,3,70
 Seattle,05/04/2020:10:16:26,clear sky,41.470000,81.000000,1025.000000,0,158
 San Francisco,05/04/2020:10:16:14,clear sky,49.060000,76.000000,1021.000000,13,250
 Austin,05/04/2020:10:15:46,overcast clouds,71.820000,78.000000,1012.000000,10,201
 Chicago,05/04/2020:10:15:53,few clouds,41.810000,70.000000,1020.000000,11,30
 Fairbanks,05/04/2020:10:16:27,clear sky,37.760000,41.000000,1011.000000,9,60
 Denver,05/04/2020:10:15:53,clear sky,44.580000,65.000000,1019.000000,4,50
 Indianapolis,05/04/2020:11:15:52,clear sky,51.120000,54.000000,1018.000000,11,90
 Atlanta,05/04/2020:11:15:24,clear sky,61.340000,77.000000,1016.000000,6,276
 Los Angeles,05/04/2020:11:16:16,clear sky,59.520000,72.000000,1015.000000,2,199
 Boston,05/04/2020:11:15:53,overcast clouds,59.220000,44.000000,1002.000000,1,258
 Miami,05/04/2020:11:15:23,few clouds,70.250000,83.000000,1016.000000,4,116
 New York,05/04/2020:11:16:08,broken clouds,62.440000,45.000000,1005.000000,5,340
 Seattle,05/04/2020:11:16:23,clear sky,41.110000,81.000000,1025.000000,1,84
 San Francisco,05/04/2020:11:16:16,clear sky,48.200000,81.000000,1021.000000,12,260
 Austin,05/04/2020:11:15:45,overcast clouds,71.490000,78.000000,1012.000000,8,190
 Chicago,05/04/2020:11:15:53,few clouds,40.570000,63.000000,1020.000000,14,30
 Fairbanks,05/04/2020:11:16:29,clear sky,37.940000,41.000000,1011.000000,10,60
 Denver,05/04/2020:11:15:52,clear sky,44.870000,68.000000,1019.000000,5,60
